{
"map_width" : 600,
"map_height" : 600,
"scooters" : [
{ "x":157, "y" : 451, "company_value":19, "service_value":41 },{ "x":201, "y" : 474, "company_value":7, "service_value":41 },{ "x":166, "y" : 480, "company_value":9, "service_value":38 },{ "x":175, "y" : 469, "company_value":19, "service_value":54 },{ "x":182, "y" : 459, "company_value":13, "service_value":17 },{ "x":169, "y" : 474, "company_value":10, "service_value":60 },{ "x":184, "y" : 471, "company_value":5, "service_value":51 },{ "x":156, "y" : 477, "company_value":2, "service_value":77 },{ "x":143, "y" : 445, "company_value":7, "service_value":92 },{ "x":367, "y" : 458, "company_value":18, "service_value":21 },{ "x":392, "y" : 496, "company_value":6, "service_value":56 },{ "x":376, "y" : 496, "company_value":2, "service_value":98 },{ "x":381, "y" : 476, "company_value":7, "service_value":45 },{ "x":417, "y" : 480, "company_value":6, "service_value":91 },{ "x":522, "y" : 362, "company_value":19, "service_value":54 },{ "x":503, "y" : 350, "company_value":17, "service_value":21 },{ "x":542, "y" : 372, "company_value":15, "service_value":41 },{ "x":532, "y" : 400, "company_value":11, "service_value":80 },{ "x":502, "y" : 389, "company_value":19, "service_value":42 },{ "x":506, "y" : 353, "company_value":8, "service_value":68 },{ "x":537, "y" : 386, "company_value":15, "service_value":10 },{ "x":501, "y" : 383, "company_value":15, "service_value":74 },{ "x":500, "y" : 399, "company_value":18, "service_value":50 },{ "x":541, "y" : 180, "company_value":5, "service_value":19 },{ "x":527, "y" : 164, "company_value":9, "service_value":80 },{ "x":557, "y" : 194, "company_value":17, "service_value":31 },{ "x":514, "y" : 154, "company_value":1, "service_value":53 },{ "x":503, "y" : 162, "company_value":6, "service_value":34 },{ "x":553, "y" : 195, "company_value":4, "service_value":87 },{ "x":214, "y" : 234, "company_value":9, "service_value":10 },{ "x":187, "y" : 242, "company_value":16, "service_value":66 },{ "x":234, "y" : 233, "company_value":3, "service_value":35 },{ "x":221, "y" : 231, "company_value":9, "service_value":57 },{ "x":229, "y" : 224, "company_value":6, "service_value":21 },{ "x":208, "y" : 244, "company_value":16, "service_value":20 },{ "x":243, "y" : 246, "company_value":6, "service_value":75 },{ "x":352, "y" : 192, "company_value":12, "service_value":18 },{ "x":335, "y" : 172, "company_value":9, "service_value":45 },{ "x":359, "y" : 183, "company_value":3, "service_value":86 },{ "x":308, "y" : 209, "company_value":14, "service_value":47 },{ "x":344, "y" : 201, "company_value":1, "service_value":11 },{ "x":359, "y" : 189, "company_value":10, "service_value":16 },{ "x":336, "y" : 201, "company_value":1, "service_value":31 },{ "x":337, "y" : 205, "company_value":8, "service_value":56 },{ "x":174, "y" : 55, "company_value":17, "service_value":47 },{ "x":199, "y" : 35, "company_value":3, "service_value":70 },{ "x":217, "y" : 57, "company_value":14, "service_value":19 },{ "x":197, "y" : 57, "company_value":18, "service_value":60 },{ "x":205, "y" : 17, "company_value":3, "service_value":58 },{ "x":195, "y" : 50, "company_value":5, "service_value":87 },{ "x":220, "y" : 7, "company_value":12, "service_value":65 },{ "x":178, "y" : 35, "company_value":2, "service_value":41 },{ "x":201, "y" : 8, "company_value":10, "service_value":37 },{ "x":80, "y" : 221, "company_value":3, "service_value":15 },{ "x":82, "y" : 268, "company_value":4, "service_value":20 },{ "x":56, "y" : 258, "company_value":18, "service_value":56 },{ "x":78, "y" : 234, "company_value":14, "service_value":69 },{ "x":49, "y" : 256, "company_value":13, "service_value":81 },{ "x":38, "y" : 232, "company_value":7, "service_value":94 },{ "x":78, "y" : 353, "company_value":10, "service_value":86 },{ "x":82, "y" : 366, "company_value":11, "service_value":64 },{ "x":91, "y" : 370, "company_value":4, "service_value":88 },{ "x":48, "y" : 343, "company_value":5, "service_value":57 },{ "x":47, "y" : 335, "company_value":4, "service_value":33 },{ "x":96, "y" : 360, "company_value":9, "service_value":47 },{ "x":229, "y" : 384, "company_value":12, "service_value":67 },{ "x":228, "y" : 359, "company_value":5, "service_value":67 },{ "x":262, "y" : 354, "company_value":3, "service_value":62 },{ "x":250, "y" : 408, "company_value":14, "service_value":98 },{ "x":253, "y" : 378, "company_value":4, "service_value":37 },{ "x":263, "y" : 404, "company_value":15, "service_value":11 },{ "x":242, "y" : 406, "company_value":19, "service_value":26 },{ "x":239, "y" : 366, "company_value":19, "service_value":32 },{ "x":376, "y" : 311, "company_value":16, "service_value":25 },{ "x":380, "y" : 327, "company_value":10, "service_value":80 },{ "x":405, "y" : 324, "company_value":0, "service_value":61 },{ "x":393, "y" : 346, "company_value":18, "service_value":88 },{ "x":379, "y" : 336, "company_value":19, "service_value":15 },{ "x":364, "y" : 329, "company_value":18, "service_value":96 },{ "x":398, "y" : 299, "company_value":16, "service_value":92 },{ "x":369, "y" : 347, "company_value":13, "service_value":40 },{ "x":398, "y" : 321, "company_value":4, "service_value":71 }
],
"employees" : [
{ "current_x":423, "current_y" : 259, "home_x":297, "home_y" : 102, "min_num_scooters":3, "max_num_scooters":12,"max_dist":1502 },{ "current_x":343, "current_y" : 392, "home_x":186, "home_y" : 139, "min_num_scooters":3, "max_num_scooters":7,"max_dist":1825 },{ "current_x":90, "current_y" : 506, "home_x":155, "home_y" : 276, "min_num_scooters":4, "max_num_scooters":8,"max_dist":1481 },{ "current_x":161, "current_y" : 567, "home_x":137, "home_y" : 381, "min_num_scooters":3, "max_num_scooters":10,"max_dist":1887 },{ "current_x":275, "current_y" : 164, "home_x":268, "home_y" : 458, "min_num_scooters":4, "max_num_scooters":9,"max_dist":1037 },{ "current_x":384, "current_y" : 375, "home_x":398, "home_y" : 460, "min_num_scooters":3, "max_num_scooters":13,"max_dist":1659 },{ "current_x":452, "current_y" : 521, "home_x":455, "home_y" : 317, "min_num_scooters":4, "max_num_scooters":13,"max_dist":1464 },{ "current_x":506, "current_y" : 474, "home_x":320, "home_y" : 317, "min_num_scooters":3, "max_num_scooters":7,"max_dist":1776 },{ "current_x":589, "current_y" : 344, "home_x":251, "home_y" : 305, "min_num_scooters":3, "max_num_scooters":7,"max_dist":953 },{ "current_x":249, "current_y" : 553, "home_x":309, "home_y" : 224, "min_num_scooters":3, "max_num_scooters":14,"max_dist":1064 },{ "current_x":448, "current_y" : 39, "home_x":452, "home_y" : 164, "min_num_scooters":4, "max_num_scooters":9,"max_dist":1753 },{ "current_x":444, "current_y" : 154, "home_x":130, "home_y" : 157, "min_num_scooters":4, "max_num_scooters":10,"max_dist":1685 },{ "current_x":490, "current_y" : 39, "home_x":100, "home_y" : 85, "min_num_scooters":3, "max_num_scooters":10,"max_dist":1785 },{ "current_x":596, "current_y" : 78, "home_x":17, "home_y" : 259, "min_num_scooters":3, "max_num_scooters":11,"max_dist":1084 },{ "current_x":116, "current_y" : 126, "home_x":83, "home_y" : 441, "min_num_scooters":4, "max_num_scooters":9,"max_dist":1602 }
]
}
