{
"map_width" : 600,
"map_height" : 600,
"scooters" : [
{ "x":329, "y" : 177, "company_value":18, "service_value":47 },{ "x":350, "y" : 195, "company_value":10, "service_value":23 },{ "x":371, "y" : 194, "company_value":8, "service_value":17 },{ "x":343, "y" : 229, "company_value":17, "service_value":12 },{ "x":368, "y" : 187, "company_value":6, "service_value":46 },{ "x":346, "y" : 233, "company_value":0, "service_value":22 },{ "x":324, "y" : 184, "company_value":11, "service_value":77 },{ "x":317, "y" : 184, "company_value":3, "service_value":20 },{ "x":210, "y" : 72, "company_value":16, "service_value":11 },{ "x":194, "y" : 87, "company_value":11, "service_value":57 },{ "x":189, "y" : 58, "company_value":18, "service_value":68 },{ "x":188, "y" : 93, "company_value":8, "service_value":90 },{ "x":220, "y" : 97, "company_value":10, "service_value":93 },{ "x":179, "y" : 105, "company_value":9, "service_value":32 },{ "x":180, "y" : 74, "company_value":17, "service_value":33 },{ "x":231, "y" : 80, "company_value":8, "service_value":62 },{ "x":236, "y" : 244, "company_value":13, "service_value":73 },{ "x":240, "y" : 235, "company_value":11, "service_value":94 },{ "x":195, "y" : 246, "company_value":10, "service_value":40 },{ "x":206, "y" : 228, "company_value":8, "service_value":47 },{ "x":213, "y" : 239, "company_value":16, "service_value":51 },{ "x":241, "y" : 272, "company_value":13, "service_value":43 },{ "x":199, "y" : 273, "company_value":9, "service_value":58 },{ "x":223, "y" : 244, "company_value":15, "service_value":95 },{ "x":247, "y" : 277, "company_value":15, "service_value":16 },{ "x":223, "y" : 239, "company_value":1, "service_value":18 },{ "x":244, "y" : 221, "company_value":17, "service_value":28 },{ "x":207, "y" : 276, "company_value":18, "service_value":21 },{ "x":227, "y" : 228, "company_value":9, "service_value":45 },{ "x":231, "y" : 242, "company_value":3, "service_value":34 },{ "x":221, "y" : 70, "company_value":9, "service_value":47 },{ "x":208, "y" : 89, "company_value":1, "service_value":73 },{ "x":195, "y" : 104, "company_value":11, "service_value":70 },{ "x":192, "y" : 67, "company_value":0, "service_value":36 },{ "x":227, "y" : 66, "company_value":19, "service_value":54 }
],
"employees" : [
{ "current_x":566, "current_y" : 504, "home_x":145, "home_y" : 206, "min_num_scooters":2, "max_num_scooters":14,"max_dist":1732 },{ "current_x":340, "current_y" : 317, "home_x":129, "home_y" : 371, "min_num_scooters":2, "max_num_scooters":14,"max_dist":1269 },{ "current_x":570, "current_y" : 309, "home_x":374, "home_y" : 415, "min_num_scooters":3, "max_num_scooters":13,"max_dist":1664 }
]
}
