{
"map_width" : 600,
"map_height" : 600,
"scooters" : [
{ "x":236, "y" : 158, "company_value":25, "service_value":70 },{ "x":75, "y" : 155, "company_value":24, "service_value":73 },{ "x":40, "y" : 137, "company_value":49, "service_value":89 },{ "x":37, "y" : 289, "company_value":31, "service_value":94 },{ "x":37, "y" : 514, "company_value":13, "service_value":64 },{ "x":28, "y" : 554, "company_value":35, "service_value":63 },{ "x":108, "y" : 560, "company_value":24, "service_value":85 },{ "x":185, "y" : 564, "company_value":48, "service_value":75 },{ "x":245, "y" : 565, "company_value":28, "service_value":97 },{ "x":356, "y" : 565, "company_value":21, "service_value":73 },{ "x":464, "y" : 569, "company_value":21, "service_value":83 },{ "x":556, "y" : 563, "company_value":28, "service_value":75 },{ "x":556, "y" : 430, "company_value":19, "service_value":62 },{ "x":562, "y" : 328, "company_value":6, "service_value":79 },{ "x":562, "y" : 268, "company_value":34, "service_value":52 },{ "x":575, "y" : 175, "company_value":14, "service_value":60 },{ "x":575, "y" : 78, "company_value":11, "service_value":90 },{ "x":562, "y" : 42, "company_value":11, "service_value":77 },{ "x":411, "y" : 16, "company_value":35, "service_value":76 },{ "x":311, "y" : 16, "company_value":32, "service_value":59 },{ "x":160, "y" : 18, "company_value":13, "service_value":81 },{ "x":119, "y" : 18, "company_value":41, "service_value":76 },{ "x":38, "y" : 18, "company_value":49, "service_value":83 },{ "x":30, "y" : 82, "company_value":47, "service_value":74 },{ "x":18, "y" : 193, "company_value":12, "service_value":97 },{ "x":81, "y" : 272, "company_value":17, "service_value":54 },{ "x":187, "y" : 298, "company_value":42, "service_value":82 },{ "x":264, "y" : 299, "company_value":47, "service_value":78 },{ "x":373, "y" : 318, "company_value":19, "service_value":71 },{ "x":325, "y" : 382, "company_value":7, "service_value":64 },{ "x":238, "y" : 421, "company_value":22, "service_value":84 },{ "x":169, "y" : 471, "company_value":40, "service_value":85 },{ "x":284, "y" : 507, "company_value":29, "service_value":92 },{ "x":441, "y" : 499, "company_value":45, "service_value":80 },{ "x":470, "y" : 436, "company_value":15, "service_value":81 },{ "x":483, "y" : 219, "company_value":26, "service_value":86 },{ "x":415, "y" : 158, "company_value":47, "service_value":64 },{ "x":353, "y" : 158, "company_value":12, "service_value":89 },{ "x":484, "y" : 110, "company_value":39, "service_value":74 },{ "x":139, "y" : 126, "company_value":7, "service_value":72 },{ "x":180, "y" : 198, "company_value":28, "service_value":89 },{ "x":207, "y" : 224, "company_value":36, "service_value":51 },{ "x":171, "y" : 331, "company_value":9, "service_value":99 },{ "x":462, "y" : 371, "company_value":18, "service_value":68 },{ "x":463, "y" : 301, "company_value":33, "service_value":87 }
],
"employees" : [
{ "current_x":162, "current_y" : 76, "home_x":288, "home_y" : 79, "min_num_scooters":4, "max_num_scooters":7,"max_dist":1844 },{ "current_x":535, "current_y" : 155, "home_x":96, "home_y" : 174, "min_num_scooters":4, "max_num_scooters":14,"max_dist":1480 },{ "current_x":428, "current_y" : 28, "home_x":229, "home_y" : 356, "min_num_scooters":3, "max_num_scooters":14,"max_dist":1253 },{ "current_x":71, "current_y" : 40, "home_x":163, "home_y" : 393, "min_num_scooters":4, "max_num_scooters":7,"max_dist":1181 },{ "current_x":218, "current_y" : 367, "home_x":397, "home_y" : 377, "min_num_scooters":4, "max_num_scooters":14,"max_dist":1534 },{ "current_x":520, "current_y" : 297, "home_x":401, "home_y" : 243, "min_num_scooters":4, "max_num_scooters":10,"max_dist":1661 },{ "current_x":337, "current_y" : 483, "home_x":148, "home_y" : 230, "min_num_scooters":3, "max_num_scooters":11,"max_dist":1800 },{ "current_x":90, "current_y" : 408, "home_x":117, "home_y" : 347, "min_num_scooters":3, "max_num_scooters":10,"max_dist":1650 },{ "current_x":549, "current_y" : 523, "home_x":111, "home_y" : 465, "min_num_scooters":2, "max_num_scooters":10,"max_dist":969 },{ "current_x":418, "current_y" : 331, "home_x":229, "home_y" : 493, "min_num_scooters":2, "max_num_scooters":10,"max_dist":1325 },{ "current_x":242, "current_y" : 19, "home_x":464, "home_y" : 554, "min_num_scooters":3, "max_num_scooters":6,"max_dist":1475 },{ "current_x":52, "current_y" : 384, "home_x":349, "home_y" : 220, "min_num_scooters":4, "max_num_scooters":6,"max_dist":1022 },{ "current_x":68, "current_y" : 315, "home_x":284, "home_y" : 226, "min_num_scooters":2, "max_num_scooters":14,"max_dist":1216 }
]
}
