{
"map_width" : 600,
"map_height" : 600,
"scooters" : [
{ "x":448, "y" : 117, "company_value":19, "service_value":57 },{ "x":425, "y" : 141, "company_value":14, "service_value":94 },{ "x":442, "y" : 112, "company_value":0, "service_value":51 },{ "x":405, "y" : 86, "company_value":12, "service_value":85 },{ "x":419, "y" : 109, "company_value":18, "service_value":14 },{ "x":97, "y" : 35, "company_value":0, "service_value":69 },{ "x":65, "y" : 76, "company_value":17, "service_value":99 },{ "x":75, "y" : 57, "company_value":19, "service_value":94 },{ "x":62, "y" : 58, "company_value":9, "service_value":78 },{ "x":99, "y" : 37, "company_value":8, "service_value":34 },{ "x":105, "y" : 47, "company_value":14, "service_value":86 },{ "x":108, "y" : 80, "company_value":9, "service_value":45 },{ "x":351, "y" : 292, "company_value":0, "service_value":23 },{ "x":314, "y" : 294, "company_value":9, "service_value":81 },{ "x":311, "y" : 266, "company_value":18, "service_value":90 },{ "x":352, "y" : 304, "company_value":5, "service_value":72 },{ "x":309, "y" : 262, "company_value":1, "service_value":75 },{ "x":309, "y" : 285, "company_value":5, "service_value":12 },{ "x":484, "y" : 396, "company_value":10, "service_value":61 },{ "x":450, "y" : 448, "company_value":4, "service_value":22 },{ "x":466, "y" : 443, "company_value":16, "service_value":43 },{ "x":475, "y" : 416, "company_value":6, "service_value":82 },{ "x":456, "y" : 441, "company_value":10, "service_value":25 },{ "x":197, "y" : 556, "company_value":14, "service_value":21 },{ "x":178, "y" : 593, "company_value":3, "service_value":68 },{ "x":188, "y" : 560, "company_value":14, "service_value":82 },{ "x":176, "y" : 564, "company_value":17, "service_value":42 },{ "x":226, "y" : 565, "company_value":18, "service_value":23 },{ "x":175, "y" : 562, "company_value":1, "service_value":65 },{ "x":196, "y" : 551, "company_value":2, "service_value":20 },{ "x":210, "y" : 599, "company_value":1, "service_value":59 },{ "x":207, "y" : 584, "company_value":16, "service_value":51 },{ "x":76, "y" : 322, "company_value":10, "service_value":38 },{ "x":49, "y" : 336, "company_value":10, "service_value":76 },{ "x":73, "y" : 308, "company_value":19, "service_value":78 },{ "x":73, "y" : 322, "company_value":4, "service_value":74 },{ "x":81, "y" : 351, "company_value":1, "service_value":94 },{ "x":89, "y" : 314, "company_value":8, "service_value":76 },{ "x":39, "y" : 545, "company_value":18, "service_value":22 },{ "x":16, "y" : 523, "company_value":0, "service_value":44 },{ "x":66, "y" : 530, "company_value":2, "service_value":39 },{ "x":45, "y" : 531, "company_value":5, "service_value":13 },{ "x":18, "y" : 508, "company_value":14, "service_value":48 },{ "x":40, "y" : 534, "company_value":14, "service_value":23 },{ "x":58, "y" : 321, "company_value":17, "service_value":79 },{ "x":83, "y" : 313, "company_value":12, "service_value":48 },{ "x":99, "y" : 308, "company_value":16, "service_value":17 },{ "x":84, "y" : 330, "company_value":15, "service_value":15 },{ "x":52, "y" : 364, "company_value":9, "service_value":33 },{ "x":61, "y" : 352, "company_value":4, "service_value":52 },{ "x":45, "y" : 309, "company_value":11, "service_value":34 },{ "x":53, "y" : 354, "company_value":0, "service_value":84 },{ "x":70, "y" : 312, "company_value":16, "service_value":59 },{ "x":358, "y" : 284, "company_value":8, "service_value":58 },{ "x":319, "y" : 307, "company_value":9, "service_value":29 },{ "x":320, "y" : 326, "company_value":7, "service_value":84 },{ "x":315, "y" : 275, "company_value":12, "service_value":97 },{ "x":345, "y" : 311, "company_value":13, "service_value":38 },{ "x":312, "y" : 300, "company_value":6, "service_value":58 },{ "x":331, "y" : 299, "company_value":0, "service_value":53 },{ "x":326, "y" : 323, "company_value":1, "service_value":42 },{ "x":354, "y" : 313, "company_value":7, "service_value":81 },{ "x":431, "y" : 137, "company_value":9, "service_value":36 },{ "x":417, "y" : 128, "company_value":10, "service_value":51 },{ "x":447, "y" : 123, "company_value":2, "service_value":14 },{ "x":404, "y" : 141, "company_value":7, "service_value":78 },{ "x":408, "y" : 102, "company_value":13, "service_value":22 },{ "x":119, "y" : 60, "company_value":17, "service_value":25 },{ "x":101, "y" : 60, "company_value":17, "service_value":83 },{ "x":122, "y" : 57, "company_value":14, "service_value":72 },{ "x":120, "y" : 63, "company_value":12, "service_value":41 },{ "x":132, "y" : 69, "company_value":4, "service_value":30 },{ "x":112, "y" : 50, "company_value":18, "service_value":49 },{ "x":492, "y" : 451, "company_value":15, "service_value":41 },{ "x":492, "y" : 444, "company_value":9, "service_value":68 },{ "x":456, "y" : 434, "company_value":7, "service_value":64 },{ "x":497, "y" : 449, "company_value":0, "service_value":94 },{ "x":482, "y" : 447, "company_value":9, "service_value":15 },{ "x":192, "y" : 587, "company_value":0, "service_value":65 },{ "x":237, "y" : 587, "company_value":0, "service_value":52 },{ "x":225, "y" : 566, "company_value":14, "service_value":66 },{ "x":206, "y" : 555, "company_value":12, "service_value":92 },{ "x":242, "y" : 592, "company_value":15, "service_value":27 },{ "x":249, "y" : 566, "company_value":3, "service_value":34 },{ "x":198, "y" : 610, "company_value":18, "service_value":28 },{ "x":217, "y" : 592, "company_value":19, "service_value":76 },{ "x":192, "y" : 600, "company_value":8, "service_value":84 },{ "x":45, "y" : 504, "company_value":12, "service_value":65 },{ "x":50, "y" : 498, "company_value":3, "service_value":56 },{ "x":44, "y" : 496, "company_value":5, "service_value":61 },{ "x":67, "y" : 501, "company_value":5, "service_value":48 },{ "x":69, "y" : 503, "company_value":11, "service_value":75 },{ "x":35, "y" : 577, "company_value":0, "service_value":46 },{ "x":42, "y" : 534, "company_value":17, "service_value":91 },{ "x":37, "y" : 570, "company_value":6, "service_value":93 },{ "x":15, "y" : 533, "company_value":19, "service_value":13 },{ "x":17, "y" : 577, "company_value":17, "service_value":10 },{ "x":55, "y" : 546, "company_value":17, "service_value":29 },{ "x":30, "y" : 577, "company_value":7, "service_value":25 },{ "x":24, "y" : 530, "company_value":13, "service_value":30 }
],
"employees" : [
{ "current_x":196, "current_y" : 306, "home_x":126, "home_y" : 244, "min_num_scooters":3, "max_num_scooters":6,"max_dist":1150 },{ "current_x":540, "current_y" : 41, "home_x":225, "home_y" : 117, "min_num_scooters":3, "max_num_scooters":10,"max_dist":1887 },{ "current_x":113, "current_y" : 210, "home_x":463, "home_y" : 310, "min_num_scooters":3, "max_num_scooters":11,"max_dist":1579 },{ "current_x":104, "current_y" : 477, "home_x":326, "home_y" : 444, "min_num_scooters":2, "max_num_scooters":9,"max_dist":1831 },{ "current_x":182, "current_y" : 88, "home_x":143, "home_y" : 411, "min_num_scooters":4, "max_num_scooters":6,"max_dist":1748 }
]
}
