{
"map_width" : 600,
"map_height" : 600,
"scooters" : [
{ "x":20, "y" : 240, "company_value":17, "service_value":29 },{ "x":22, "y" : 246, "company_value":15, "service_value":53 },{ "x":-1, "y" : 212, "company_value":1, "service_value":62 },{ "x":34, "y" : 213, "company_value":2, "service_value":84 },{ "x":20, "y" : 235, "company_value":10, "service_value":59 },{ "x":37, "y" : 245, "company_value":17, "service_value":58 },{ "x":34, "y" : 241, "company_value":9, "service_value":35 },{ "x":25, "y" : 232, "company_value":15, "service_value":66 },{ "x":13, "y" : 231, "company_value":4, "service_value":83 },{ "x":217, "y" : 78, "company_value":16, "service_value":68 },{ "x":168, "y" : 67, "company_value":0, "service_value":94 },{ "x":166, "y" : 62, "company_value":19, "service_value":32 },{ "x":183, "y" : 66, "company_value":3, "service_value":55 },{ "x":169, "y" : 88, "company_value":15, "service_value":12 },{ "x":528, "y" : 57, "company_value":8, "service_value":95 },{ "x":481, "y" : 52, "company_value":8, "service_value":41 },{ "x":519, "y" : 79, "company_value":2, "service_value":17 },{ "x":505, "y" : 86, "company_value":18, "service_value":57 },{ "x":513, "y" : 75, "company_value":8, "service_value":83 },{ "x":485, "y" : 53, "company_value":3, "service_value":74 },{ "x":509, "y" : 48, "company_value":0, "service_value":56 },{ "x":498, "y" : 256, "company_value":3, "service_value":99 },{ "x":508, "y" : 263, "company_value":13, "service_value":92 },{ "x":513, "y" : 255, "company_value":15, "service_value":35 },{ "x":511, "y" : 264, "company_value":0, "service_value":99 },{ "x":470, "y" : 274, "company_value":2, "service_value":56 },{ "x":489, "y" : 289, "company_value":5, "service_value":99 },{ "x":526, "y" : 288, "company_value":19, "service_value":54 },{ "x":273, "y" : 252, "company_value":12, "service_value":86 },{ "x":226, "y" : 265, "company_value":10, "service_value":34 },{ "x":249, "y" : 255, "company_value":19, "service_value":68 },{ "x":259, "y" : 241, "company_value":18, "service_value":97 },{ "x":260, "y" : 242, "company_value":8, "service_value":62 },{ "x":230, "y" : 235, "company_value":2, "service_value":56 },{ "x":265, "y" : 261, "company_value":13, "service_value":40 },{ "x":199, "y" : 417, "company_value":4, "service_value":27 },{ "x":169, "y" : 405, "company_value":6, "service_value":81 },{ "x":181, "y" : 395, "company_value":0, "service_value":21 },{ "x":153, "y" : 381, "company_value":4, "service_value":25 },{ "x":181, "y" : 383, "company_value":14, "service_value":14 },{ "x":102, "y" : 513, "company_value":15, "service_value":29 },{ "x":105, "y" : 523, "company_value":8, "service_value":27 },{ "x":132, "y" : 507, "company_value":12, "service_value":28 },{ "x":137, "y" : 511, "company_value":7, "service_value":44 },{ "x":149, "y" : 526, "company_value":6, "service_value":81 },{ "x":135, "y" : 501, "company_value":4, "service_value":45 },{ "x":416, "y" : 537, "company_value":3, "service_value":42 },{ "x":418, "y" : 542, "company_value":19, "service_value":82 },{ "x":466, "y" : 497, "company_value":5, "service_value":64 },{ "x":457, "y" : 544, "company_value":12, "service_value":92 },{ "x":451, "y" : 533, "company_value":1, "service_value":46 },{ "x":469, "y" : 536, "company_value":6, "service_value":16 },{ "x":456, "y" : 513, "company_value":18, "service_value":89 },{ "x":465, "y" : 514, "company_value":5, "service_value":79 },{ "x":423, "y" : 501, "company_value":11, "service_value":69 },{ "x":366, "y" : 329, "company_value":19, "service_value":15 },{ "x":394, "y" : 375, "company_value":9, "service_value":99 },{ "x":365, "y" : 335, "company_value":0, "service_value":36 },{ "x":369, "y" : 356, "company_value":8, "service_value":52 },{ "x":393, "y" : 333, "company_value":1, "service_value":91 },{ "x":367, "y" : 356, "company_value":0, "service_value":41 },{ "x":384, "y" : 326, "company_value":18, "service_value":42 },{ "x":316, "y" : 139, "company_value":2, "service_value":90 },{ "x":365, "y" : 159, "company_value":9, "service_value":62 },{ "x":341, "y" : 115, "company_value":14, "service_value":38 },{ "x":353, "y" : 167, "company_value":19, "service_value":12 },{ "x":342, "y" : 119, "company_value":6, "service_value":11 },{ "x":315, "y" : 161, "company_value":3, "service_value":42 },{ "x":236, "y" : 524, "company_value":4, "service_value":62 },{ "x":230, "y" : 513, "company_value":7, "service_value":58 },{ "x":230, "y" : 551, "company_value":9, "service_value":25 },{ "x":274, "y" : 547, "company_value":16, "service_value":72 },{ "x":248, "y" : 551, "company_value":4, "service_value":19 },{ "x":249, "y" : 551, "company_value":0, "service_value":72 },{ "x":269, "y" : 567, "company_value":8, "service_value":37 },{ "x":30, "y" : 383, "company_value":4, "service_value":62 },{ "x":60, "y" : 363, "company_value":15, "service_value":68 },{ "x":55, "y" : 377, "company_value":5, "service_value":96 },{ "x":29, "y" : 369, "company_value":14, "service_value":73 },{ "x":28, "y" : 342, "company_value":7, "service_value":35 },{ "x":32, "y" : 364, "company_value":13, "service_value":22 },{ "x":33, "y" : 379, "company_value":15, "service_value":80 },{ "x":84, "y" : 349, "company_value":15, "service_value":58 },{ "x":36, "y" : 341, "company_value":14, "service_value":46 },{ "x":169, "y" : 246, "company_value":1, "service_value":20 },{ "x":151, "y" : 224, "company_value":2, "service_value":63 },{ "x":161, "y" : 202, "company_value":2, "service_value":41 },{ "x":125, "y" : 220, "company_value":2, "service_value":86 },{ "x":127, "y" : 208, "company_value":0, "service_value":37 },{ "x":150, "y" : 243, "company_value":11, "service_value":61 },{ "x":154, "y" : 221, "company_value":12, "service_value":30 },{ "x":142, "y" : 221, "company_value":0, "service_value":65 },{ "x":74, "y" : 56, "company_value":8, "service_value":50 },{ "x":43, "y" : 98, "company_value":9, "service_value":11 },{ "x":82, "y" : 76, "company_value":10, "service_value":25 },{ "x":72, "y" : 97, "company_value":6, "service_value":58 },{ "x":80, "y" : 49, "company_value":16, "service_value":24 },{ "x":477, "y" : 179, "company_value":6, "service_value":10 },{ "x":473, "y" : 125, "company_value":13, "service_value":97 },{ "x":457, "y" : 142, "company_value":9, "service_value":79 },{ "x":482, "y" : 174, "company_value":1, "service_value":66 },{ "x":462, "y" : 177, "company_value":17, "service_value":67 },{ "x":456, "y" : 161, "company_value":4, "service_value":58 },{ "x":496, "y" : 133, "company_value":1, "service_value":78 },{ "x":545, "y" : 389, "company_value":7, "service_value":50 },{ "x":497, "y" : 442, "company_value":8, "service_value":47 },{ "x":543, "y" : 422, "company_value":17, "service_value":94 },{ "x":534, "y" : 423, "company_value":5, "service_value":74 },{ "x":496, "y" : 411, "company_value":13, "service_value":52 },{ "x":519, "y" : 417, "company_value":14, "service_value":66 },{ "x":492, "y" : 397, "company_value":6, "service_value":38 }
],
"employees" : [
{ "current_x":284, "current_y" : 391, "home_x":141, "home_y" : 122, "min_num_scooters":4, "max_num_scooters":9,"max_dist":1779 },{ "current_x":226, "current_y" : 112, "home_x":140, "home_y" : 313, "min_num_scooters":4, "max_num_scooters":8,"max_dist":1721 },{ "current_x":36, "current_y" : 439, "home_x":236, "home_y" : 473, "min_num_scooters":4, "max_num_scooters":14,"max_dist":1354 },{ "current_x":552, "current_y" : 420, "home_x":432, "home_y" : 370, "min_num_scooters":2, "max_num_scooters":8,"max_dist":1174 },{ "current_x":311, "current_y" : 354, "home_x":453, "home_y" : 199, "min_num_scooters":3, "max_num_scooters":10,"max_dist":1315 }
]
}
