{
"map_width" : 600,
"map_height" : 600,
"scooters" : [
{ "x":143, "y" : 556, "company_value":8, "service_value":29 },{ "x":152, "y" : 507, "company_value":5, "service_value":16 },{ "x":97, "y" : 564, "company_value":13, "service_value":99 },{ "x":101, "y" : 543, "company_value":15, "service_value":41 },{ "x":118, "y" : 523, "company_value":17, "service_value":91 },{ "x":130, "y" : 549, "company_value":2, "service_value":35 },{ "x":150, "y" : 534, "company_value":19, "service_value":31 },{ "x":149, "y" : 511, "company_value":0, "service_value":41 },{ "x":403, "y" : 517, "company_value":9, "service_value":40 },{ "x":380, "y" : 527, "company_value":1, "service_value":80 },{ "x":386, "y" : 526, "company_value":11, "service_value":12 },{ "x":389, "y" : 536, "company_value":10, "service_value":13 },{ "x":368, "y" : 531, "company_value":6, "service_value":45 },{ "x":383, "y" : 538, "company_value":19, "service_value":17 },{ "x":498, "y" : 372, "company_value":14, "service_value":21 },{ "x":498, "y" : 376, "company_value":11, "service_value":95 },{ "x":507, "y" : 381, "company_value":0, "service_value":23 },{ "x":526, "y" : 368, "company_value":17, "service_value":74 },{ "x":522, "y" : 358, "company_value":8, "service_value":50 },{ "x":531, "y" : 359, "company_value":9, "service_value":28 },{ "x":497, "y" : 393, "company_value":4, "service_value":45 },{ "x":508, "y" : 88, "company_value":4, "service_value":93 },{ "x":532, "y" : 85, "company_value":19, "service_value":57 },{ "x":502, "y" : 132, "company_value":6, "service_value":95 },{ "x":537, "y" : 119, "company_value":5, "service_value":84 },{ "x":535, "y" : 126, "company_value":8, "service_value":34 },{ "x":529, "y" : 79, "company_value":15, "service_value":27 },{ "x":235, "y" : 96, "company_value":12, "service_value":66 },{ "x":263, "y" : 72, "company_value":10, "service_value":30 },{ "x":263, "y" : 73, "company_value":13, "service_value":30 },{ "x":239, "y" : 78, "company_value":6, "service_value":81 },{ "x":288, "y" : 45, "company_value":15, "service_value":79 },{ "x":88, "y" : 292, "company_value":12, "service_value":33 },{ "x":110, "y" : 279, "company_value":14, "service_value":60 },{ "x":53, "y" : 287, "company_value":5, "service_value":56 },{ "x":110, "y" : 306, "company_value":18, "service_value":47 },{ "x":106, "y" : 292, "company_value":4, "service_value":73 },{ "x":101, "y" : 271, "company_value":10, "service_value":94 },{ "x":86, "y" : 318, "company_value":12, "service_value":14 },{ "x":1, "y" : 167, "company_value":9, "service_value":18 },{ "x":6, "y" : 119, "company_value":12, "service_value":21 },{ "x":8, "y" : 145, "company_value":18, "service_value":97 },{ "x":5, "y" : 161, "company_value":0, "service_value":34 },{ "x":46, "y" : 126, "company_value":17, "service_value":37 },{ "x":40, "y" : 167, "company_value":8, "service_value":60 },{ "x":25, "y" : 158, "company_value":13, "service_value":77 },{ "x":26, "y" : 118, "company_value":2, "service_value":22 },{ "x":20, "y" : 132, "company_value":10, "service_value":26 },{ "x":164, "y" : 56, "company_value":16, "service_value":66 },{ "x":178, "y" : 8, "company_value":7, "service_value":94 },{ "x":168, "y" : 18, "company_value":3, "service_value":23 },{ "x":176, "y" : 10, "company_value":16, "service_value":63 },{ "x":155, "y" : 23, "company_value":8, "service_value":80 },{ "x":146, "y" : 44, "company_value":7, "service_value":31 },{ "x":178, "y" : 31, "company_value":19, "service_value":11 },{ "x":204, "y" : 31, "company_value":4, "service_value":38 },{ "x":175, "y" : 27, "company_value":7, "service_value":76 },{ "x":419, "y" : 298, "company_value":13, "service_value":59 },{ "x":414, "y" : 307, "company_value":2, "service_value":65 },{ "x":449, "y" : 253, "company_value":0, "service_value":25 },{ "x":420, "y" : 272, "company_value":16, "service_value":62 },{ "x":405, "y" : 300, "company_value":2, "service_value":82 },{ "x":398, "y" : 294, "company_value":4, "service_value":85 },{ "x":448, "y" : 290, "company_value":10, "service_value":51 },{ "x":424, "y" : 278, "company_value":8, "service_value":34 },{ "x":157, "y" : 309, "company_value":12, "service_value":84 },{ "x":168, "y" : 360, "company_value":2, "service_value":72 },{ "x":169, "y" : 324, "company_value":14, "service_value":47 },{ "x":173, "y" : 345, "company_value":19, "service_value":66 },{ "x":162, "y" : 324, "company_value":11, "service_value":41 },{ "x":175, "y" : 340, "company_value":16, "service_value":77 },{ "x":134, "y" : 514, "company_value":6, "service_value":31 },{ "x":130, "y" : 563, "company_value":0, "service_value":35 },{ "x":149, "y" : 532, "company_value":9, "service_value":99 },{ "x":101, "y" : 560, "company_value":12, "service_value":47 },{ "x":144, "y" : 545, "company_value":7, "service_value":95 },{ "x":112, "y" : 528, "company_value":9, "service_value":81 },{ "x":22, "y" : 506, "company_value":5, "service_value":41 },{ "x":20, "y" : 558, "company_value":18, "service_value":14 },{ "x":52, "y" : 558, "company_value":17, "service_value":57 },{ "x":23, "y" : 504, "company_value":1, "service_value":73 },{ "x":66, "y" : 502, "company_value":4, "service_value":23 },{ "x":51, "y" : 513, "company_value":9, "service_value":61 },{ "x":66, "y" : 578, "company_value":3, "service_value":16 },{ "x":53, "y" : 566, "company_value":10, "service_value":54 },{ "x":55, "y" : 592, "company_value":17, "service_value":65 },{ "x":48, "y" : 591, "company_value":19, "service_value":35 },{ "x":61, "y" : 582, "company_value":13, "service_value":54 },{ "x":99, "y" : 574, "company_value":17, "service_value":85 },{ "x":84, "y" : 567, "company_value":8, "service_value":23 },{ "x":97, "y" : 544, "company_value":1, "service_value":21 },{ "x":113, "y" : 518, "company_value":19, "service_value":17 },{ "x":102, "y" : 554, "company_value":11, "service_value":77 },{ "x":48, "y" : 516, "company_value":0, "service_value":58 },{ "x":44, "y" : 498, "company_value":10, "service_value":39 },{ "x":39, "y" : 524, "company_value":3, "service_value":71 },{ "x":28, "y" : 506, "company_value":9, "service_value":24 },{ "x":23, "y" : 529, "company_value":16, "service_value":25 },{ "x":399, "y" : 515, "company_value":3, "service_value":62 },{ "x":386, "y" : 560, "company_value":3, "service_value":34 },{ "x":408, "y" : 551, "company_value":2, "service_value":56 },{ "x":413, "y" : 546, "company_value":10, "service_value":13 },{ "x":424, "y" : 532, "company_value":9, "service_value":39 },{ "x":414, "y" : 538, "company_value":17, "service_value":57 },{ "x":388, "y" : 534, "company_value":7, "service_value":67 },{ "x":414, "y" : 504, "company_value":18, "service_value":58 },{ "x":379, "y" : 586, "company_value":4, "service_value":23 },{ "x":339, "y" : 561, "company_value":16, "service_value":26 },{ "x":343, "y" : 581, "company_value":19, "service_value":51 },{ "x":386, "y" : 588, "company_value":12, "service_value":62 },{ "x":392, "y" : 571, "company_value":3, "service_value":65 },{ "x":360, "y" : 582, "company_value":9, "service_value":87 },{ "x":515, "y" : 401, "company_value":0, "service_value":52 },{ "x":523, "y" : 358, "company_value":19, "service_value":85 },{ "x":559, "y" : 412, "company_value":0, "service_value":96 },{ "x":523, "y" : 400, "company_value":6, "service_value":46 },{ "x":528, "y" : 372, "company_value":13, "service_value":66 },{ "x":519, "y" : 405, "company_value":0, "service_value":51 },{ "x":512, "y" : 378, "company_value":16, "service_value":84 },{ "x":537, "y" : 389, "company_value":13, "service_value":45 },{ "x":248, "y" : 278, "company_value":4, "service_value":41 },{ "x":219, "y" : 263, "company_value":5, "service_value":19 },{ "x":226, "y" : 285, "company_value":12, "service_value":90 },{ "x":240, "y" : 271, "company_value":13, "service_value":67 },{ "x":246, "y" : 278, "company_value":16, "service_value":70 },{ "x":265, "y" : 301, "company_value":2, "service_value":96 },{ "x":259, "y" : 316, "company_value":14, "service_value":68 },{ "x":294, "y" : 182, "company_value":14, "service_value":35 },{ "x":295, "y" : 163, "company_value":4, "service_value":12 },{ "x":317, "y" : 143, "company_value":1, "service_value":45 },{ "x":312, "y" : 135, "company_value":18, "service_value":17 },{ "x":331, "y" : 164, "company_value":10, "service_value":68 },{ "x":446, "y" : 50, "company_value":18, "service_value":19 },{ "x":437, "y" : 65, "company_value":10, "service_value":60 },{ "x":425, "y" : 53, "company_value":10, "service_value":62 },{ "x":466, "y" : 54, "company_value":7, "service_value":75 },{ "x":431, "y" : 36, "company_value":6, "service_value":79 },{ "x":444, "y" : 64, "company_value":8, "service_value":59 },{ "x":455, "y" : 55, "company_value":12, "service_value":73 },{ "x":445, "y" : 54, "company_value":11, "service_value":73 },{ "x":303, "y" : 490, "company_value":1, "service_value":11 },{ "x":313, "y" : 487, "company_value":5, "service_value":80 },{ "x":303, "y" : 470, "company_value":7, "service_value":88 },{ "x":334, "y" : 480, "company_value":19, "service_value":77 },{ "x":306, "y" : 451, "company_value":5, "service_value":69 },{ "x":300, "y" : 446, "company_value":17, "service_value":25 }
],
"employees" : [
{ "current_x":582, "current_y" : 238, "home_x":102, "home_y" : 72, "min_num_scooters":4, "max_num_scooters":7,"max_dist":1140 },{ "current_x":596, "current_y" : 492, "home_x":364, "home_y" : 90, "min_num_scooters":2, "max_num_scooters":10,"max_dist":1627 },{ "current_x":395, "current_y" : 213, "home_x":477, "home_y" : 232, "min_num_scooters":4, "max_num_scooters":13,"max_dist":1520 },{ "current_x":95, "current_y" : 198, "home_x":345, "home_y" : 361, "min_num_scooters":3, "max_num_scooters":12,"max_dist":1680 },{ "current_x":412, "current_y" : 115, "home_x":229, "home_y" : 417, "min_num_scooters":2, "max_num_scooters":14,"max_dist":1239 },{ "current_x":541, "current_y" : 208, "home_x":229, "home_y" : 222, "min_num_scooters":2, "max_num_scooters":6,"max_dist":791 },{ "current_x":537, "current_y" : 293, "home_x":145, "home_y" : 204, "min_num_scooters":2, "max_num_scooters":7,"max_dist":1124 },{ "current_x":594, "current_y" : 460, "home_x":122, "home_y" : 383, "min_num_scooters":3, "max_num_scooters":10,"max_dist":1818 }
]
}
