{
"map_width" : 600,
"map_height" : 600,
"scooters" : [
{ "x":366, "y" : 339, "company_value":27, "service_value":81 },{ "x":349, "y" : 273, "company_value":43, "service_value":80 },{ "x":310, "y" : 215, "company_value":25, "service_value":76 },{ "x":310, "y" : 178, "company_value":7, "service_value":68 },{ "x":412, "y" : 125, "company_value":48, "service_value":79 },{ "x":460, "y" : 85, "company_value":27, "service_value":94 },{ "x":359, "y" : 64, "company_value":28, "service_value":60 },{ "x":275, "y" : 36, "company_value":26, "service_value":56 },{ "x":174, "y" : 34, "company_value":5, "service_value":51 },{ "x":32, "y" : 4, "company_value":40, "service_value":68 },{ "x":577, "y" : 10, "company_value":36, "service_value":68 },{ "x":575, "y" : 577, "company_value":9, "service_value":94 },{ "x":545, "y" : 577, "company_value":41, "service_value":74 },{ "x":19, "y" : 591, "company_value":46, "service_value":69 },{ "x":19, "y" : 554, "company_value":47, "service_value":53 },{ "x":134, "y" : 581, "company_value":30, "service_value":57 }
],
"employees" : [
{ "current_x":386, "current_y" : 226, "home_x":102, "home_y" : 282, "min_num_scooters":4, "max_num_scooters":5,"max_dist":1006 },{ "current_x":466, "current_y" : 313, "home_x":193, "home_y" : 387, "min_num_scooters":4, "max_num_scooters":14,"max_dist":672 }
]
}
