{
"map_width" : 600,
"map_height" : 600,
"scooters" : [
{ "x":198, "y" : 507, "company_value":9, "service_value":73 },{ "x":269, "y" : 511, "company_value":36, "service_value":59 },{ "x":337, "y" : 431, "company_value":17, "service_value":52 }
],
"employees" : [
{ "current_x":307, "current_y" : 111, "home_x":89, "home_y" : 165, "min_num_scooters":4, "max_num_scooters":13,"max_dist":860 },{ "current_x":30, "current_y" : 191, "home_x":355, "home_y" : 138, "min_num_scooters":3, "max_num_scooters":7,"max_dist":1615 },{ "current_x":327, "current_y" : 122, "home_x":337, "home_y" : 273, "min_num_scooters":2, "max_num_scooters":14,"max_dist":1597 },{ "current_x":375, "current_y" : 403, "home_x":173, "home_y" : 301, "min_num_scooters":2, "max_num_scooters":14,"max_dist":1789 },{ "current_x":333, "current_y" : 237, "home_x":233, "home_y" : 178, "min_num_scooters":4, "max_num_scooters":12,"max_dist":1299 },{ "current_x":96, "current_y" : 412, "home_x":431, "home_y" : 240, "min_num_scooters":4, "max_num_scooters":7,"max_dist":1719 },{ "current_x":169, "current_y" : 374, "home_x":393, "home_y" : 374, "min_num_scooters":2, "max_num_scooters":7,"max_dist":1111 },{ "current_x":281, "current_y" : 353, "home_x":272, "home_y" : 350, "min_num_scooters":4, "max_num_scooters":7,"max_dist":913 },{ "current_x":197, "current_y" : 569, "home_x":254, "home_y" : 429, "min_num_scooters":4, "max_num_scooters":14,"max_dist":1016 },{ "current_x":139, "current_y" : 180, "home_x":136, "home_y" : 479, "min_num_scooters":2, "max_num_scooters":13,"max_dist":1408 },{ "current_x":166, "current_y" : 585, "home_x":393, "home_y" : 485, "min_num_scooters":3, "max_num_scooters":9,"max_dist":1186 },{ "current_x":366, "current_y" : 519, "home_x":498, "home_y" : 491, "min_num_scooters":3, "max_num_scooters":13,"max_dist":1267 },{ "current_x":580, "current_y" : 47, "home_x":498, "home_y" : 396, "min_num_scooters":4, "max_num_scooters":13,"max_dist":1545 },{ "current_x":390, "current_y" : 526, "home_x":525, "home_y" : 259, "min_num_scooters":2, "max_num_scooters":11,"max_dist":1896 },{ "current_x":104, "current_y" : 360, "home_x":242, "home_y" : 263, "min_num_scooters":3, "max_num_scooters":11,"max_dist":1256 },{ "current_x":177, "current_y" : 13, "home_x":59, "home_y" : 262, "min_num_scooters":3, "max_num_scooters":14,"max_dist":1222 }
]
}
