{
"map_width" : 600,
"map_height" : 600,
"scooters" : [
{ "x":4, "y" : 47, "company_value":6, "service_value":69 },{ "x":21, "y" : 40, "company_value":1, "service_value":12 },{ "x":8, "y" : 50, "company_value":7, "service_value":51 },{ "x":13, "y" : 21, "company_value":9, "service_value":35 },{ "x":48, "y" : 72, "company_value":18, "service_value":44 },{ "x":21, "y" : 21, "company_value":16, "service_value":58 },{ "x":46, "y" : 44, "company_value":6, "service_value":47 },{ "x":17, "y" : 17, "company_value":4, "service_value":83 },{ "x":13, "y" : 48, "company_value":19, "service_value":86 },{ "x":590, "y" : 568, "company_value":18, "service_value":50 },{ "x":575, "y" : 561, "company_value":13, "service_value":60 },{ "x":547, "y" : 553, "company_value":10, "service_value":43 },{ "x":594, "y" : 560, "company_value":12, "service_value":90 },{ "x":572, "y" : 576, "company_value":18, "service_value":95 },{ "x":588, "y" : 571, "company_value":12, "service_value":70 },{ "x":583, "y" : 567, "company_value":17, "service_value":60 },{ "x":556, "y" : 551, "company_value":6, "service_value":70 },{ "x":538, "y" : 546, "company_value":10, "service_value":41 },{ "x":540, "y" : 72, "company_value":9, "service_value":58 },{ "x":544, "y" : 34, "company_value":1, "service_value":37 },{ "x":574, "y" : 71, "company_value":13, "service_value":62 },{ "x":563, "y" : 63, "company_value":0, "service_value":16 },{ "x":521, "y" : 67, "company_value":1, "service_value":17 },{ "x":561, "y" : 43, "company_value":11, "service_value":78 },{ "x":574, "y" : 44, "company_value":9, "service_value":34 },{ "x":523, "y" : 65, "company_value":10, "service_value":79 },{ "x":44, "y" : 598, "company_value":13, "service_value":37 },{ "x":31, "y" : 576, "company_value":17, "service_value":22 },{ "x":38, "y" : 566, "company_value":1, "service_value":61 },{ "x":1, "y" : 572, "company_value":4, "service_value":48 },{ "x":52, "y" : 595, "company_value":1, "service_value":25 }
],
"employees" : [
{ "current_x":569, "current_y" : 107, "home_x":291, "home_y" : 321, "min_num_scooters":2, "max_num_scooters":13,"max_dist":1180 },{ "current_x":19, "current_y" : 42, "home_x":287, "home_y" : 320, "min_num_scooters":3, "max_num_scooters":7,"max_dist":1325 },{ "current_x":577, "current_y" : 137, "home_x":271, "home_y" : 333, "min_num_scooters":3, "max_num_scooters":12,"max_dist":1673 },{ "current_x":512, "current_y" : 179, "home_x":289, "home_y" : 333, "min_num_scooters":2, "max_num_scooters":13,"max_dist":646 }
]
}
