{
"map_width" : 600,
"map_height" : 600,
"scooters" : [
{ "x":161, "y" : 515, "company_value":41, "service_value":59 },{ "x":243, "y" : 511, "company_value":25, "service_value":66 },{ "x":327, "y" : 511, "company_value":36, "service_value":66 },{ "x":393, "y" : 471, "company_value":21, "service_value":70 },{ "x":407, "y" : 422, "company_value":12, "service_value":54 },{ "x":491, "y" : 391, "company_value":15, "service_value":84 },{ "x":503, "y" : 334, "company_value":47, "service_value":82 },{ "x":487, "y" : 290, "company_value":30, "service_value":95 },{ "x":507, "y" : 213, "company_value":9, "service_value":92 },{ "x":519, "y" : 165, "company_value":11, "service_value":72 },{ "x":519, "y" : 123, "company_value":37, "service_value":68 },{ "x":527, "y" : 62, "company_value":6, "service_value":78 },{ "x":496, "y" : 41, "company_value":31, "service_value":86 },{ "x":434, "y" : 36, "company_value":42, "service_value":65 },{ "x":354, "y" : 36, "company_value":49, "service_value":54 }
],
"employees" : [
{ "current_x":15, "current_y" : 119, "home_x":180, "home_y" : 14, "min_num_scooters":2, "max_num_scooters":14,"max_dist":1517 },{ "current_x":596, "current_y" : 256, "home_x":408, "home_y" : 277, "min_num_scooters":3, "max_num_scooters":10,"max_dist":1268 },{ "current_x":95, "current_y" : 24, "home_x":190, "home_y" : 390, "min_num_scooters":4, "max_num_scooters":8,"max_dist":1535 },{ "current_x":439, "current_y" : 320, "home_x":92, "home_y" : 451, "min_num_scooters":4, "max_num_scooters":5,"max_dist":1382 },{ "current_x":140, "current_y" : 445, "home_x":110, "home_y" : 302, "min_num_scooters":4, "max_num_scooters":14,"max_dist":1175 },{ "current_x":444, "current_y" : 597, "home_x":203, "home_y" : 179, "min_num_scooters":4, "max_num_scooters":8,"max_dist":1072 },{ "current_x":90, "current_y" : 391, "home_x":316, "home_y" : 165, "min_num_scooters":4, "max_num_scooters":7,"max_dist":1460 },{ "current_x":55, "current_y" : 523, "home_x":418, "home_y" : 152, "min_num_scooters":2, "max_num_scooters":8,"max_dist":1242 },{ "current_x":331, "current_y" : 112, "home_x":352, "home_y" : 97, "min_num_scooters":3, "max_num_scooters":11,"max_dist":1251 },{ "current_x":470, "current_y" : 426, "home_x":223, "home_y" : 97, "min_num_scooters":3, "max_num_scooters":9,"max_dist":913 },{ "current_x":424, "current_y" : 332, "home_x":121, "home_y" : 115, "min_num_scooters":4, "max_num_scooters":6,"max_dist":1652 },{ "current_x":368, "current_y" : 189, "home_x":70, "home_y" : 222, "min_num_scooters":2, "max_num_scooters":12,"max_dist":1024 },{ "current_x":514, "current_y" : 257, "home_x":210, "home_y" : 230, "min_num_scooters":3, "max_num_scooters":9,"max_dist":1094 },{ "current_x":121, "current_y" : 499, "home_x":350, "home_y" : 265, "min_num_scooters":2, "max_num_scooters":13,"max_dist":1456 },{ "current_x":315, "current_y" : 340, "home_x":208, "home_y" : 325, "min_num_scooters":3, "max_num_scooters":13,"max_dist":1812 },{ "current_x":464, "current_y" : 86, "home_x":315, "home_y" : 375, "min_num_scooters":3, "max_num_scooters":8,"max_dist":1235 }
]
}
