{
"map_width" : 600,
"map_height" : 600,
"scooters" : [
{ "x":80, "y" : 340, "company_value":9, "service_value":71 },{ "x":66, "y" : 366, "company_value":6, "service_value":44 },{ "x":62, "y" : 332, "company_value":1, "service_value":36 },{ "x":98, "y" : 344, "company_value":16, "service_value":57 },{ "x":99, "y" : 329, "company_value":12, "service_value":65 },{ "x":100, "y" : 331, "company_value":15, "service_value":10 },{ "x":94, "y" : 365, "company_value":8, "service_value":86 },{ "x":286, "y" : 77, "company_value":19, "service_value":14 },{ "x":255, "y" : 56, "company_value":19, "service_value":62 },{ "x":269, "y" : 107, "company_value":8, "service_value":34 },{ "x":239, "y" : 71, "company_value":7, "service_value":69 },{ "x":252, "y" : 66, "company_value":9, "service_value":23 },{ "x":246, "y" : 112, "company_value":16, "service_value":53 },{ "x":446, "y" : 321, "company_value":16, "service_value":50 },{ "x":462, "y" : 311, "company_value":14, "service_value":62 },{ "x":458, "y" : 313, "company_value":15, "service_value":44 },{ "x":446, "y" : 337, "company_value":11, "service_value":13 },{ "x":460, "y" : 291, "company_value":1, "service_value":65 },{ "x":451, "y" : 340, "company_value":9, "service_value":33 },{ "x":445, "y" : 292, "company_value":8, "service_value":27 },{ "x":438, "y" : 335, "company_value":12, "service_value":92 },{ "x":360, "y" : 529, "company_value":7, "service_value":76 },{ "x":170, "y" : 519, "company_value":32, "service_value":77 },{ "x":229, "y" : 318, "company_value":27, "service_value":86 },{ "x":148, "y" : 203, "company_value":25, "service_value":72 },{ "x":38, "y" : 173, "company_value":18, "service_value":52 },{ "x":390, "y" : 155, "company_value":24, "service_value":96 },{ "x":530, "y" : 100, "company_value":18, "service_value":81 },{ "x":343, "y" : 356, "company_value":32, "service_value":63 },{ "x":322, "y" : 481, "company_value":35, "service_value":74 },{ "x":520, "y" : 562, "company_value":40, "service_value":50 },{ "x":81, "y" : 505, "company_value":39, "service_value":55 },{ "x":224, "y" : 553, "company_value":27, "service_value":56 },{ "x":283, "y" : 400, "company_value":42, "service_value":63 },{ "x":155, "y" : 335, "company_value":27, "service_value":55 },{ "x":374, "y" : 242, "company_value":37, "service_value":99 },{ "x":203, "y" : 150, "company_value":6, "service_value":84 },{ "x":448, "y" : 110, "company_value":19, "service_value":95 },{ "x":152, "y" : 45, "company_value":41, "service_value":85 },{ "x":223, "y" : 326, "company_value":22, "service_value":93 }
],
"employees" : [
{ "current_x":440, "current_y" : 487, "home_x":104, "home_y" : 91, "min_num_scooters":2, "max_num_scooters":9,"max_dist":1742 },{ "current_x":363, "current_y" : 408, "home_x":385, "home_y" : 103, "min_num_scooters":3, "max_num_scooters":9,"max_dist":1417 },{ "current_x":419, "current_y" : 432, "home_x":486, "home_y" : 231, "min_num_scooters":4, "max_num_scooters":9,"max_dist":1272 },{ "current_x":354, "current_y" : 39, "home_x":266, "home_y" : 294, "min_num_scooters":4, "max_num_scooters":14,"max_dist":1270 },{ "current_x":490, "current_y" : 36, "home_x":124, "home_y" : 414, "min_num_scooters":4, "max_num_scooters":5,"max_dist":1385 },{ "current_x":517, "current_y" : 491, "home_x":231, "home_y" : 482, "min_num_scooters":4, "max_num_scooters":9,"max_dist":1155 },{ "current_x":559, "current_y" : 249, "home_x":434, "home_y" : 526, "min_num_scooters":4, "max_num_scooters":6,"max_dist":979 },{ "current_x":536, "current_y" : 211, "home_x":511, "home_y" : 393, "min_num_scooters":4, "max_num_scooters":5,"max_dist":1580 },{ "current_x":98, "current_y" : 555, "home_x":314, "home_y" : 180, "min_num_scooters":3, "max_num_scooters":5,"max_dist":1542 },{ "current_x":203, "current_y" : 421, "home_x":129, "home_y" : 233, "min_num_scooters":3, "max_num_scooters":6,"max_dist":927 }
]
}
